rank,feasible,pv_kw,wind_kw,dg_kw,batt_kwh,elz_kw,gas_storage_m3,npc,lpsp_pct,gas_violation
1,True,226.31,84.87,23.18,540.40,77.26,0.39,1059072,1.0000,-0.00
2,True,226.31,84.87,23.18,540.40,77.26,0.39,1059072,1.0000,-0.00
3,True,226.31,84.87,23.18,540.40,77.26,0.39,1059072,1.0000,-0.00
4,True,226.31,84.87,23.18,540.40,77.26,0.39,1059072,1.0000,-0.00
5,True,226.31,84.87,23.18,540.40,77.26,0.39,1059072,1.0000,-0.00
6,True,226.31,84.87,23.18,540.40,77.26,0.39,1059072,1.0000,-0.00
7,True,226.31,84.87,23.18,540.40,77.26,0.39,1059072,1.0000,-0.00
8,True,226.31,84.87,23.18,540.40,77.26,0.39,1059072,1.0000,-0.00
9,True,226.31,84.87,23.18,540.40,77.26,0.39,1059072,1.0000,-0.00
10,True,226.31,84.87,23.18,540.40,77.26,0.39,1059072,1.0000,-0.00
11,True,226.31,84.87,23.18,540.40,77.26,0.39,1059072,1.0000,-0.00
12,True,226.31,84.87,23.18,540.40,77.26,0.39,1059072,1.0000,-0.00
13,True,226.31,84.87,23.18,540.40,77.26,0.39,1059072,1.0000,-0.00
14,True,226.31,84.87,23.18,540.40,77.26,0.39,1059072,1.0000,-0.00
15,True,226.31,84.87,23.18,540.40,77.26,0.39,1059072,1.0000,-0.00
16,True,226.31,84.87,23.18,540.40,77.26,0.39,1059072,1.0000,-0.00
17,True,226.31,84.87,23.18,540.40,77.26,0.39,1059072,1.0000,-0.00
18,True,226.31,84.87,23.18,540.40,77.26,0.39,1059072,1.0000,-0.00
19,True,226.31,84.87,23.18,540.40,77.26,0.39,1059072,1.0000,-0.00
20,True,226.31,84.87,23.18,540.40,77.26,0.39,1059072,1.0000,0.00
21,True,226.31,84.87,23.18,540.40,77.26,0.39,1059072,1.0000,-0.00
22,True,226.31,84.87,23.18,540.40,77.26,0.39,1059072,1.0000,0.00
23,True,226.31,84.87,23.18,540.40,77.26,0.39,1059072,1.0000,0.00
24,True,226.31,84.87,23.18,540.40,77.26,0.39,1059072,1.0000,-0.00
25,True,226.31,84.87,23.18,540.40,77.26,0.39,1059072,1.0000,0.00
26,True,226.31,84.87,23.18,540.40,77.26,0.39,1059072,1.0000,-0.00
27,True,226.31,84.87,23.18,540.40,77.26,0.39,1059072,1.0000,-0.00
28,True,226.31,84.87,23.18,540.40,77.26,0.39,1059072,1.0000,-0.00
29,True,226.31,84.87,23.18,540.40,77.26,0.39,1059072,1.0000,-0.00
30,True,226.31,84.87,23.18,540.40,77.26,0.39,1059072,1.0000,-0.00
31,True,226.31,84.87,23.18,540.40,77.26,0.39,1059072,1.0000,-0.00
32,True,226.31,84.87,23.18,540.40,77.26,0.39,1059072,1.0000,-0.00
33,True,226.31,84.87,23.18,540.40,77.26,0.39,1059072,1.0000,-0.00
34,True,226.31,84.87,23.18,540.40,77.26,0.39,1059072,1.0000,-0.00
35,True,226.31,84.87,23.18,540.40,77.26,0.39,1059072,1.0000,0.00
36,True,226.31,84.87,23.18,540.40,77.26,0.39,1059072,1.0000,-0.00
37,True,226.31,84.87,23.18,540.40,77.26,0.39,1059072,1.0000,-0.00
38,True,226.31,84.87,23.18,540.40,77.26,0.39,1059072,1.0000,-0.00
39,True,226.31,84.87,23.18,540.40,77.26,0.39,1059072,1.0000,-0.00
40,True,226.31,84.87,23.18,540.40,77.26,0.39,1059072,1.0000,-0.00
41,True,226.31,84.87,23.18,540.40,77.26,0.39,1059072,1.0000,-0.00
42,True,226.31,84.87,23.18,540.40,77.26,0.39,1059072,1.0000,-0.00
43,True,226.31,84.87,23.18,540.40,77.26,0.39,1059072,1.0000,-0.00
44,True,226.31,84.87,23.18,540.40,77.26,0.39,1059072,1.0000,-0.00
45,True,226.31,84.87,23.18,540.40,77.26,0.39,1059072,1.0000,-0.00
46,True,226.31,84.87,23.18,540.40,77.26,0.39,1059072,1.0000,-0.00
47,True,226.31,84.87,23.18,540.40,77.26,0.39,1059072,1.0000,-0.00
48,True,226.31,84.87,23.18,540.40,77.26,0.39,1059072,1.0000,0.00
49,True,226.31,84.87,23.18,540.40,77.26,0.39,1059072,1.0000,-0.00
50,True,226.31,84.87,23.18,540.40,77.26,0.39,1059072,1.0000,-0.00
51,True,226.31,84.87,23.18,540.40,77.26,0.39,1059072,1.0000,-0.00
52,True,226.31,84.87,23.18,540.40,77.26,0.39,1059072,1.0000,-0.00
53,True,226.31,84.87,23.18,540.40,77.26,0.39,1059072,1.0000,-0.00
54,True,226.31,84.87,23.18,540.40,77.26,0.39,1059072,1.0000,-0.00
55,True,226.31,84.87,23.18,540.40,77.26,0.39,1059072,1.0000,-0.00
56,True,226.31,84.87,23.18,540.40,77.26,0.39,1059072,1.0000,-0.00
57,True,226.31,84.87,23.18,540.40,77.26,0.39,1059072,1.0000,-0.00
58,True,226.31,84.87,23.18,540.40,77.26,0.39,1059072,1.0000,-0.00
59,True,226.31,84.87,23.18,540.40,77.26,0.39,1059072,1.0000,-0.00
60,True,226.31,84.87,23.18,540.40,77.26,0.39,1059072,1.0000,-0.00
61,True,226.31,84.87,23.18,540.40,77.26,0.39,1059072,1.0000,-0.00
62,True,226.31,84.87,23.18,540.40,77.26,0.39,1059072,1.0000,-0.00
63,True,226.31,84.87,23.18,540.40,77.26,0.39,1059072,1.0000,-0.00
64,True,226.31,84.87,23.18,540.40,77.26,0.39,1059072,1.0000,-0.00
65,True,226.31,84.87,23.18,540.40,77.26,0.39,1059072,1.0000,-0.00
66,True,226.31,84.87,23.18,540.40,77.26,0.39,1059072,1.0000,-0.00
67,True,226.31,84.87,23.18,540.40,77.26,0.39,1059072,1.0000,-0.00
68,True,226.31,84.87,23.18,540.40,77.26,0.39,1059072,1.0000,-0.00
69,True,226.31,84.87,23.18,540.40,77.26,0.39,1059072,1.0000,-0.00
70,True,226.31,84.87,23.18,540.40,77.26,0.39,1059072,1.0000,-0.00
71,True,226.31,84.87,23.18,540.40,77.26,0.39,1059072,1.0000,-0.00
72,True,226.31,84.87,23.18,540.40,77.26,0.39,1059072,1.0000,-0.00
73,True,226.31,84.87,23.18,540.40,77.26,0.39,1059072,1.0000,-0.00
74,True,226.31,84.87,23.18,540.40,77.26,0.39,1059072,1.0000,-0.00
75,True,226.31,84.87,23.18,540.40,77.26,0.39,1059072,1.0000,-0.00
76,True,226.31,84.87,23.18,540.40,77.26,0.39,1059072,1.0000,-0.00
77,True,226.31,84.87,23.18,540.40,77.26,0.39,1059072,1.0000,-0.00
78,True,226.31,84.87,23.18,540.40,77.26,0.39,1059072,1.0000,-0.00
79,True,226.31,84.87,23.18,540.40,77.26,0.39,1059072,1.0000,-0.00
80,True,226.31,84.87,23.18,540.40,77.26,0.39,1059072,1.0000,-0.00
81,True,226.31,84.87,23.18,540.40,77.26,0.39,1059072,1.0000,-0.00
82,True,226.31,84.87,23.18,540.40,77.26,0.39,1059072,1.0000,-0.00
83,True,226.31,84.87,23.18,540.40,77.26,0.39,1059072,1.0000,-0.00
84,True,226.31,84.87,23.18,540.40,77.26,0.39,1059072,1.0000,-0.00
85,True,226.31,84.87,23.18,540.40,77.26,0.39,1059072,1.0000,-0.00
86,True,226.31,84.87,23.18,540.40,77.26,0.39,1059072,1.0000,-0.00
87,True,226.31,84.87,23.18,540.40,77.26,0.39,1059072,1.0000,-0.00
88,True,226.31,84.87,23.18,540.40,77.26,0.39,1059072,1.0000,-0.00
89,True,226.31,84.87,23.18,540.40,77.26,0.39,1059072,1.0000,-0.00
90,True,226.31,84.87,23.18,540.40,77.26,0.39,1059072,1.0000,-0.00
91,True,226.31,84.87,23.18,540.40,77.26,0.39,1059072,1.0000,-0.00
92,True,226.31,84.87,23.18,540.40,77.26,0.39,1059072,1.0000,-0.00
93,True,226.31,84.87,23.18,540.40,77.26,0.39,1059072,1.0000,-0.00
94,True,226.31,84.87,23.18,540.40,77.26,0.39,1059072,1.0000,-0.00
95,True,226.31,84.87,23.18,540.40,77.26,0.39,1059072,1.0000,-0.00
96,True,226.31,84.87,23.18,540.40,77.26,0.39,1059072,1.0000,-0.00
97,True,226.31,84.87,23.18,540.40,77.26,0.39,1059072,1.0000,-0.00
98,True,226.31,84.87,23.18,540.40,77.26,0.39,1059072,1.0000,-0.00
99,True,226.31,84.87,23.18,540.40,77.26,0.39,1059072,1.0000,-0.00
100,True,226.31,84.87,23.18,540.40,77.26,0.39,1059072,1.0000,-0.00
101,True,226.31,84.87,23.18,540.40,77.26,0.39,1059072,1.0000,-0.00
102,True,226.31,84.87,23.18,540.40,77.26,0.39,1059072,1.0000,-0.00
103,True,226.31,84.87,23.18,540.40,77.26,0.39,1059072,1.0000,-0.00
104,True,226.31,84.87,23.18,540.40,77.26,0.39,1059072,1.0000,-0.00
105,True,226.31,84.87,23.18,540.40,77.26,0.39,1059072,1.0000,-0.00
106,True,226.31,84.87,23.18,540.40,77.26,0.39,1059072,1.0000,-0.00
107,True,226.31,84.87,23.18,540.40,77.26,0.39,1059072,1.0000,-0.00
108,True,226.31,84.87,23.18,540.40,77.26,0.39,1059072,1.0000,-0.00
109,True,226.31,84.87,23.18,540.40,77.26,0.39,1059072,1.0000,-0.00
110,True,226.31,84.87,23.18,540.40,77.26,0.39,1059072,1.0000,-0.00
111,True,226.31,84.87,23.18,540.40,77.26,0.39,1059072,1.0000,-0.00
112,True,226.31,84.87,23.18,540.40,77.26,0.39,1059072,1.0000,-0.00
113,True,226.31,84.87,23.18,540.40,77.26,0.39,1059072,1.0000,-0.00
114,True,226.31,84.87,23.18,540.40,77.26,0.39,1059072,1.0000,-0.00
115,True,226.31,84.87,23.18,540.40,77.26,0.39,1059072,1.0000,-0.00
116,True,226.31,84.87,23.18,540.40,77.26,0.39,1059072,1.0000,-0.00
117,True,226.31,84.87,23.18,540.40,77.26,0.39,1059072,1.0000,-0.00
118,True,226.31,84.87,23.18,540.40,77.26,0.39,1059072,1.0000,-0.00
119,True,226.31,84.87,23.18,540.40,77.26,0.39,1059072,1.0000,-0.00
120,True,226.31,84.87,23.18,540.40,77.26,0.39,1059072,1.0000,0.00
121,True,226.31,84.87,23.18,540.40,77.26,0.39,1059072,1.0000,0.00
122,True,226.31,84.87,23.18,540.40,77.26,0.39,1059072,1.0000,0.00
123,True,226.31,84.87,23.18,540.40,77.26,0.39,1059072,1.0000,-0.00
124,True,226.31,84.87,23.18,540.40,77.26,0.39,1059072,1.0000,-0.00
125,True,226.31,84.87,23.18,540.40,77.26,0.39,1059072,1.0000,-0.00
126,True,226.31,84.87,23.18,540.40,77.26,0.39,1059072,1.0000,-0.00
127,True,226.31,84.87,23.18,540.40,77.26,0.39,1059072,1.0000,-0.00
128,True,226.31,84.87,23.18,540.40,77.26,0.39,1059072,1.0000,-0.00
129,True,226.31,84.87,23.18,540.40,77.26,0.39,1059072,1.0000,-0.00
130,True,226.31,84.87,23.18,540.40,77.26,0.39,1059072,1.0000,-0.00
131,True,226.31,84.87,23.18,540.40,77.26,0.39,1059072,1.0000,-0.00
132,True,226.31,84.87,23.18,540.40,77.26,0.39,1059072,1.0000,-0.00
133,True,226.31,84.87,23.18,540.40,77.26,0.39,1059072,1.0000,-0.00
134,True,226.31,84.87,23.18,540.40,77.26,0.39,1059072,1.0000,-0.00
135,True,226.31,84.87,23.18,540.40,77.26,0.39,1059072,1.0000,-0.00
136,True,226.31,84.87,23.18,540.40,77.26,0.39,1059072,1.0000,0.00
137,True,226.31,84.87,23.18,540.40,77.26,0.39,1059072,1.0000,-0.00
138,True,226.31,84.87,23.18,540.40,77.26,0.39,1059072,1.0000,-0.00
139,True,226.31,84.87,23.18,540.40,77.26,0.39,1059072,1.0000,-0.00
140,True,226.31,84.87,23.18,540.40,77.26,0.39,1059072,1.0000,-0.00
141,True,226.31,84.87,23.18,540.40,77.26,0.39,1059072,1.0000,-0.00
142,True,226.31,84.87,23.18,540.40,77.26,0.39,1059072,1.0000,-0.00
143,True,226.31,84.87,23.18,540.40,77.26,0.39,1059072,1.0000,-0.00
144,True,226.31,84.87,23.18,540.40,77.26,0.39,1059072,1.0000,-0.00
145,True,226.31,84.87,23.18,540.40,77.26,0.39,1059072,1.0000,-0.00
146,True,226.31,84.87,23.18,540.40,77.26,0.39,1059072,1.0000,-0.00
147,True,226.31,84.87,23.18,540.40,77.26,0.39,1059072,1.0000,-0.00
148,True,226.31,84.87,23.18,540.40,77.26,0.39,1059072,1.0000,-0.00
149,True,226.31,84.87,23.18,540.40,77.26,0.39,1059072,1.0000,-0.00
150,True,226.31,84.87,23.18,540.40,77.26,0.39,1059072,1.0000,-0.00
151,True,226.31,84.87,23.18,540.40,77.26,0.39,1059072,1.0000,-0.00
152,True,226.31,84.87,23.18,540.40,77.26,0.39,1059072,1.0000,-0.00
153,True,226.31,84.87,23.18,540.40,77.26,0.39,1059072,1.0000,-0.00
154,True,226.31,84.87,23.18,540.40,77.26,0.39,1059072,1.0000,-0.00
155,True,226.31,84.87,23.18,540.40,77.26,0.39,1059072,1.0000,-0.00
156,True,226.31,84.87,23.18,540.40,77.26,0.39,1059072,1.0000,-0.00
157,True,226.31,84.87,23.18,540.40,77.26,0.39,1059072,1.0000,-0.00
158,True,226.31,84.87,23.18,540.40,77.26,0.39,1059072,1.0000,-0.00
159,True,226.31,84.87,23.18,540.40,77.26,0.39,1059072,1.0000,-0.00
160,True,226.31,84.87,23.18,540.40,77.26,0.39,1059072,1.0000,-0.00
161,True,226.31,84.87,23.18,540.40,77.26,0.39,1059072,1.0000,-0.00
162,True,226.31,84.87,23.18,540.40,77.26,0.39,1059072,1.0000,-0.00
163,True,226.31,84.87,23.18,540.40,77.26,0.39,1059072,1.0000,-0.00
164,True,226.31,84.87,23.18,540.40,77.26,0.39,1059072,1.0000,-0.00
165,True,226.31,84.87,23.18,540.40,77.26,0.39,1059072,1.0000,-0.00
166,True,226.31,84.87,23.18,540.40,77.26,0.39,1059072,1.0000,-0.00
167,True,226.31,84.87,23.18,540.40,77.26,0.39,1059072,1.0000,-0.00
168,True,226.31,84.87,23.18,540.40,77.26,0.39,1059072,1.0000,-0.00
169,True,226.31,84.87,23.18,540.40,77.26,0.39,1059072,1.0000,-0.00
170,True,226.31,84.87,23.18,540.40,77.26,0.39,1059072,1.0000,-0.00
171,True,226.31,84.87,23.18,540.40,77.26,0.39,1059072,1.0000,-0.00
172,True,226.31,84.87,23.18,540.40,77.26,0.39,1059072,1.0000,-0.00
173,True,226.31,84.87,23.18,540.40,77.26,0.39,1059072,1.0000,-0.00
174,True,226.31,84.87,23.18,540.40,77.26,0.39,1059072,1.0000,-0.00
175,True,226.31,84.87,23.18,540.40,77.26,0.39,1059072,1.0000,-0.00
176,True,226.31,84.87,23.18,540.40,77.26,0.39,1059072,1.0000,-0.00
177,True,226.31,84.87,23.18,540.40,77.26,0.39,1059072,1.0000,-0.00
178,True,226.31,84.87,23.18,540.40,77.26,0.39,1059072,1.0000,-0.00
179,True,226.31,84.87,23.18,540.40,77.26,0.39,1059072,1.0000,-0.00
180,True,226.31,84.87,23.18,540.40,77.26,0.39,1059072,1.0000,0.00
181,True,226.31,84.87,23.18,540.40,77.26,0.39,1059072,1.0000,0.00
182,True,226.31,84.87,23.18,540.40,77.26,0.39,1059072,1.0000,-0.00
183,True,226.31,84.87,23.18,540.40,77.26,0.39,1059072,1.0000,-0.00
184,True,226.31,84.87,23.18,540.40,77.26,0.39,1059072,1.0000,-0.00
185,True,226.31,84.87,23.18,540.40,77.26,0.39,1059072,1.0000,-0.00
186,True,226.31,84.87,23.18,540.40,77.26,0.39,1059072,1.0000,0.00
187,True,226.31,84.87,23.18,540.40,77.26,0.39,1059072,1.0000,0.00
188,True,226.31,84.87,23.18,540.40,77.26,0.39,1059072,1.0000,-0.00
189,True,226.31,84.87,23.18,540.40,77.26,0.39,1059072,1.0000,-0.00
190,True,226.31,84.87,23.18,540.40,77.26,0.39,1059072,1.0000,-0.00
191,True,226.31,84.87,23.18,540.40,77.26,0.39,1059072,1.0000,-0.00
192,True,226.31,84.87,23.18,540.40,77.26,0.39,1059072,1.0000,-0.00
193,True,226.31,84.87,23.18,540.40,77.26,0.39,1059072,1.0000,-0.00
194,True,226.31,84.87,23.18,540.40,77.26,0.39,1059072,1.0000,-0.00
195,True,226.31,84.87,23.18,540.40,77.26,0.39,1059072,1.0000,-0.00
196,True,226.31,84.87,23.18,540.40,77.26,0.39,1059072,1.0000,-0.00
197,True,226.31,84.87,23.18,540.40,77.26,0.39,1059072,1.0000,0.00
198,True,226.31,84.87,23.18,540.40,77.26,0.39,1059072,1.0000,-0.00
199,True,226.31,84.87,23.18,540.40,77.26,0.39,1059072,1.0000,-0.00
200,True,226.31,84.87,23.18,540.40,77.26,0.39,1059072,1.0000,-0.00
201,True,226.31,84.87,23.18,540.40,77.26,0.39,1059072,1.0000,-0.00
202,True,226.31,84.87,23.18,540.40,77.26,0.39,1059072,1.0000,-0.00
203,True,226.31,84.87,23.18,540.40,77.26,0.39,1059072,1.0000,-0.00
204,True,226.31,84.87,23.18,540.40,77.26,0.39,1059072,1.0000,-0.00
205,True,226.31,84.87,23.18,540.40,77.26,0.39,1059072,1.0000,0.00
206,True,226.31,84.87,23.18,540.40,77.26,0.39,1059072,1.0000,-0.00
207,True,226.31,84.87,23.18,540.40,77.26,0.39,1059072,1.0000,-0.00
208,True,226.31,84.87,23.18,540.40,77.26,0.39,1059072,1.0000,-0.00
209,True,226.31,84.87,23.18,540.40,77.26,0.39,1059072,1.0000,-0.00
210,True,226.31,84.87,23.18,540.40,77.26,0.39,1059072,1.0000,-0.00
211,True,226.31,84.87,23.18,540.40,77.26,0.39,1059072,1.0000,-0.00
212,True,226.31,84.87,23.18,540.40,77.26,0.39,1059072,1.0000,0.00
213,True,226.31,84.87,23.18,540.40,77.26,0.39,1059072,1.0000,-0.00
214,True,226.31,84.87,23.18,540.40,77.26,0.39,1059072,1.0000,-0.00
215,True,226.31,84.87,23.18,540.40,77.26,0.39,1059072,1.0000,-0.00
216,True,226.31,84.87,23.18,540.40,77.26,0.39,1059072,1.0000,-0.00
217,True,226.31,84.87,23.18,540.40,77.26,0.39,1059072,1.0000,-0.00
218,True,226.31,84.87,23.18,540.40,77.26,0.39,1059072,1.0000,-0.00
219,True,226.31,84.87,23.18,540.40,77.26,0.39,1059072,1.0000,-0.00
220,True,226.31,84.87,23.18,540.40,77.26,0.39,1059072,1.0000,-0.00
221,True,226.31,84.87,23.18,540.40,77.26,0.39,1059072,1.0000,-0.00
222,True,226.31,84.87,23.18,540.40,77.26,0.39,1059072,1.0000,-0.00
223,True,226.31,84.87,23.18,540.40,77.26,0.39,1059072,1.0000,-0.00
224,True,226.31,84.87,23.18,540.40,77.26,0.39,1059072,1.0000,-0.00
225,True,226.31,84.87,23.18,540.40,77.26,0.39,1059072,1.0000,-0.00
226,True,226.31,84.87,23.18,540.40,77.26,0.39,1059072,1.0000,-0.00
227,True,226.31,84.87,23.18,540.40,77.26,0.39,1059072,1.0000,-0.00
228,True,226.31,84.87,23.18,540.40,77.26,0.39,1059072,1.0000,-0.00
229,True,226.31,84.87,23.18,540.40,77.26,0.39,1059072,1.0000,-0.00
230,True,226.31,84.87,23.18,540.40,77.26,0.39,1059072,1.0000,-0.00
231,True,226.31,84.87,23.18,540.40,77.26,0.39,1059072,1.0000,-0.00
232,True,226.31,84.87,23.18,540.40,77.26,0.39,1059072,1.0000,-0.00
233,True,226.31,84.87,23.18,540.40,77.26,0.39,1059072,1.0000,-0.00
234,True,226.31,84.87,23.18,540.40,77.26,0.39,1059072,1.0000,-0.00
235,True,226.31,84.87,23.18,540.40,77.26,0.39,1059072,1.0000,-0.00
236,True,226.31,84.87,23.18,540.40,77.26,0.39,1059072,1.0000,-0.00
237,True,226.31,84.87,23.18,540.40,77.26,0.39,1059072,1.0000,-0.00
238,True,226.31,84.87,23.18,540.40,77.26,0.39,1059072,1.0000,-0.00
239,True,226.31,84.87,23.18,540.40,77.26,0.39,1059072,1.0000,-0.00
240,True,226.31,84.87,23.18,540.40,77.26,0.39,1059072,1.0000,-0.00
241,True,226.31,84.87,23.18,540.40,77.26,0.39,1059072,1.0000,-0.00
242,True,226.31,84.87,23.18,540.40,77.26,0.39,1059072,1.0000,0.00
243,True,226.31,84.87,23.18,540.40,77.26,0.39,1059072,1.0000,-0.00
244,True,226.31,84.87,23.18,540.40,77.26,0.39,1059072,1.0000,0.00
245,True,226.31,84.87,23.18,540.40,77.26,0.39,1059072,1.0000,-0.00
246,True,226.31,84.87,23.18,540.40,77.26,0.39,1059072,1.0000,-0.00
247,True,226.31,84.87,23.18,540.40,77.26,0.39,1059072,1.0000,-0.00
248,True,226.31,84.87,23.18,540.40,77.26,0.39,1059072,1.0000,-0.00
249,True,226.31,84.87,23.18,540.40,77.26,0.39,1059072,1.0000,-0.00
250,True,226.31,84.87,23.18,540.40,77.26,0.39,1059072,1.0000,-0.00
251,True,226.31,84.87,23.18,540.40,77.26,0.39,1059072,1.0000,0.00
252,True,226.31,84.87,23.18,540.40,77.26,0.39,1059072,1.0000,-0.00
253,True,226.31,84.87,23.18,540.40,77.26,0.39,1059072,1.0000,-0.00
254,True,226.31,84.87,23.18,540.40,77.26,0.39,1059072,1.0000,-0.00
255,True,226.31,84.87,23.18,540.40,77.26,0.39,1059072,1.0000,-0.00
256,True,226.31,84.87,23.18,540.40,77.26,0.39,1059072,1.0000,-0.00
257,True,226.31,84.87,23.18,540.40,77.26,0.39,1059072,1.0000,-0.00
258,True,226.31,84.87,23.18,540.40,77.26,0.39,1059072,1.0000,-0.00
259,True,226.31,84.87,23.18,540.40,77.26,0.39,1059072,1.0000,-0.00
260,True,226.31,84.87,23.18,540.40,77.26,0.39,1059072,1.0000,-0.00
261,True,226.31,84.87,23.18,540.40,77.26,0.39,1059072,1.0000,-0.00
262,True,226.31,84.87,23.18,540.40,77.26,0.39,1059072,1.0000,-0.00
263,True,226.31,84.87,23.18,540.40,77.26,0.39,1059072,1.0000,-0.00
264,True,226.31,84.87,23.18,540.40,77.26,0.39,1059072,1.0000,-0.00
265,True,226.31,84.87,23.18,540.40,77.26,0.39,1059072,1.0000,-0.00
266,True,226.31,84.87,23.18,540.40,77.26,0.39,1059072,1.0000,-0.00
267,True,226.31,84.87,23.18,540.40,77.26,0.39,1059072,1.0000,-0.00
268,True,226.31,84.87,23.18,540.40,77.26,0.39,1059072,1.0000,-0.00
269,True,226.31,84.87,23.18,540.40,77.26,0.39,1059072,1.0000,0.00
270,True,226.31,84.87,23.18,540.40,77.26,0.39,1059072,1.0000,-0.00
271,True,226.31,84.87,23.18,540.40,77.26,0.39,1059072,1.0000,-0.00
272,True,226.31,84.87,23.18,540.40,77.26,0.39,1059072,1.0000,0.00
273,True,226.31,84.87,23.18,540.40,77.26,0.39,1059072,1.0000,-0.00
274,True,226.31,84.87,23.18,540.40,77.26,0.39,1059072,1.0000,-0.00
275,True,226.31,84.87,23.18,540.40,77.26,0.39,1059072,1.0000,-0.00
276,True,226.31,84.87,23.18,540.40,77.26,0.39,1059072,1.0000,-0.00
277,True,226.31,84.87,23.18,540.40,77.26,0.39,1059072,1.0000,-0.00
278,True,226.31,84.87,23.18,540.40,77.26,0.39,1059072,1.0000,-0.00
279,True,226.31,84.87,23.18,540.40,77.26,0.39,1059072,1.0000,-0.00
280,True,226.31,84.87,23.18,540.40,77.26,0.39,1059072,1.0000,-0.00
281,True,226.31,84.87,23.18,540.40,77.26,0.39,1059072,1.0000,-0.00
282,True,226.31,84.87,23.18,540.40,77.26,0.39,1059072,1.0000,-0.00
283,True,226.31,84.87,23.18,540.40,77.26,0.39,1059072,1.0000,-0.00
284,True,226.31,84.87,23.18,540.40,77.26,0.39,1059072,1.0000,0.00
285,True,226.31,84.87,23.18,540.40,77.26,0.39,1059072,1.0000,-0.00
286,True,226.31,84.87,23.18,540.40,77.26,0.39,1059072,1.0000,-0.00
287,True,226.31,84.87,23.18,540.40,77.26,0.39,1059072,1.0000,-0.00
288,True,226.31,84.87,23.18,540.40,77.26,0.39,1059072,1.0000,-0.00
289,True,226.31,84.87,23.18,540.40,77.26,0.39,1059072,1.0000,0.00
290,True,226.31,84.87,23.18,540.40,77.26,0.39,1059072,1.0000,-0.00
291,True,226.31,84.87,23.18,540.40,77.26,0.39,1059072,1.0000,-0.00
292,True,226.31,84.87,23.18,540.40,77.26,0.39,1059072,1.0000,-0.00
293,True,226.31,84.87,23.18,540.40,77.26,0.39,1059072,1.0000,-0.00
294,True,226.31,84.87,23.18,540.40,77.26,0.39,1059072,1.0000,-0.00
295,True,226.31,84.87,23.18,540.40,77.26,0.39,1059072,1.0000,-0.00
296,True,226.31,84.87,23.18,540.40,77.26,0.39,1059072,1.0000,-0.00
297,True,226.31,84.87,23.18,540.40,77.26,0.39,1059072,1.0000,-0.00
298,True,226.31,84.87,23.18,540.40,77.26,0.39,1059072,1.0000,-0.00
299,True,226.31,84.87,23.18,540.40,77.26,0.39,1059072,1.0000,-0.00
300,True,226.31,84.87,23.18,540.40,77.26,0.39,1059072,1.0000,-0.00
301,True,226.31,84.87,23.18,540.40,77.26,0.39,1059072,1.0000,-0.00
302,True,226.31,84.87,23.18,540.40,77.26,0.39,1059072,1.0000,-0.00
303,True,226.31,84.87,23.18,540.40,77.26,0.39,1059072,1.0000,-0.00
304,True,226.31,84.87,23.18,540.40,77.26,0.39,1059072,1.0000,-0.00
305,True,226.31,84.87,23.18,540.40,77.26,0.39,1059072,1.0000,-0.00
306,True,226.31,84.87,23.18,540.40,77.26,0.39,1059072,1.0000,-0.00
307,True,226.31,84.87,23.18,540.40,77.26,0.39,1059072,1.0000,-0.00
308,True,226.31,84.87,23.18,540.40,77.26,0.39,1059072,1.0000,-0.00
309,True,226.31,84.87,23.18,540.40,77.26,0.39,1059072,1.0000,-0.00
310,True,226.31,84.87,23.18,540.40,77.26,0.39,1059072,1.0000,-0.00
311,True,226.31,84.87,23.18,540.40,77.26,0.39,1059072,1.0000,-0.00
312,True,226.31,84.87,23.18,540.40,77.26,0.39,1059072,1.0000,-0.00
313,True,226.31,84.87,23.18,540.40,77.26,0.39,1059072,1.0000,-0.00
314,True,226.31,84.87,23.18,540.40,77.26,0.39,1059072,1.0000,-0.00
315,True,226.31,84.87,23.18,540.40,77.26,0.39,1059072,1.0000,-0.00
316,True,226.31,84.87,23.18,540.40,77.26,0.39,1059072,1.0000,-0.00
317,True,226.31,84.87,23.18,540.40,77.26,0.39,1059072,1.0000,-0.00
318,True,226.31,84.87,23.18,540.40,77.26,0.39,1059072,1.0000,-0.00
319,True,226.31,84.87,23.18,540.40,77.26,0.39,1059072,1.0000,-0.00
320,True,226.31,84.87,23.18,540.40,77.26,0.39,1059072,1.0000,-0.00
321,True,226.31,84.87,23.18,540.40,77.26,0.39,1059072,1.0000,-0.00
322,True,226.31,84.87,23.18,540.40,77.26,0.39,1059072,1.0000,-0.00
323,True,226.31,84.87,23.18,540.40,77.26,0.39,1059072,1.0000,-0.00
324,True,226.31,84.87,23.18,540.40,77.26,0.39,1059072,1.0000,-0.00
325,True,226.31,84.87,23.18,540.40,77.26,0.39,1059072,1.0000,-0.00
326,True,226.31,84.87,23.18,540.40,77.26,0.39,1059072,1.0000,-0.00
327,True,226.31,84.87,23.18,540.40,77.26,0.39,1059072,1.0000,0.00
328,True,226.31,84.87,23.18,540.40,77.26,0.39,1059072,1.0000,-0.00
329,True,226.31,84.87,23.18,540.40,77.26,0.39,1059072,1.0000,-0.00
330,True,226.31,84.87,23.18,540.40,77.26,0.39,1059072,1.0000,0.00
331,True,226.31,84.87,23.18,540.40,77.26,0.39,1059072,1.0000,-0.00
332,True,226.31,84.87,23.18,540.40,77.26,0.39,1059072,1.0000,-0.00
333,True,226.31,84.87,23.18,540.40,77.26,0.39,1059072,1.0000,-0.00
334,True,226.31,84.87,23.18,540.40,77.26,0.39,1059072,1.0000,-0.00
335,True,226.31,84.87,23.18,540.40,77.26,0.39,1059072,1.0000,-0.00
336,True,226.31,84.87,23.18,540.40,77.26,0.39,1059072,1.0000,-0.00
337,True,226.31,84.87,23.18,540.40,77.26,0.39,1059072,1.0000,-0.00
338,True,226.31,84.87,23.18,540.40,77.26,0.39,1059072,1.0000,-0.00
339,True,226.31,84.87,23.18,540.40,77.26,0.39,1059072,1.0000,-0.00
340,True,226.31,84.87,23.18,540.40,77.26,0.39,1059072,1.0000,-0.00
341,True,226.31,84.87,23.18,540.40,77.26,0.39,1059072,1.0000,0.00
342,True,226.31,84.87,23.18,540.40,77.26,0.39,1059072,1.0000,-0.00
343,True,226.31,84.87,23.18,540.40,77.26,0.39,1059072,1.0000,-0.00
344,True,226.31,84.87,23.18,540.40,77.26,0.39,1059072,1.0000,-0.00
345,True,226.31,84.87,23.18,540.40,77.26,0.39,1059072,1.0000,-0.00
346,True,226.31,84.87,23.18,540.40,77.26,0.39,1059072,1.0000,-0.00
347,True,226.31,84.87,23.18,540.40,77.26,0.39,1059072,1.0000,-0.00
348,True,226.31,84.87,23.18,540.40,77.26,0.39,1059072,1.0000,-0.00
349,True,226.31,84.87,23.18,540.40,77.26,0.39,1059072,1.0000,0.00
350,True,226.31,84.87,23.18,540.40,77.26,0.39,1059072,1.0000,-0.00
351,True,226.31,84.87,23.18,540.40,77.26,0.39,1059072,1.0000,-0.00
352,True,226.31,84.87,23.18,540.40,77.26,0.39,1059072,1.0000,-0.00
353,True,226.31,84.87,23.18,540.40,77.26,0.39,1059072,1.0000,-0.00
354,True,226.31,84.87,23.18,540.40,77.26,0.39,1059072,1.0000,0.00
355,True,226.31,84.87,23.18,540.40,77.26,0.39,1059072,1.0000,-0.00
356,True,226.31,84.87,23.18,540.40,77.26,0.39,1059072,1.0000,-0.00
357,True,226.31,84.87,23.18,540.40,77.26,0.39,1059072,1.0000,-0.00
358,True,226.31,84.87,23.18,540.40,77.26,0.39,1059072,1.0000,-0.00
359,True,226.31,84.87,23.18,540.40,77.26,0.39,1059072,1.0000,-0.00
360,True,226.31,84.87,23.18,540.40,77.26,0.39,1059072,1.0000,-0.00
361,True,226.31,84.87,23.18,540.40,77.26,0.39,1059072,1.0000,-0.00
362,True,226.31,84.87,23.18,540.40,77.26,0.39,1059072,1.0000,-0.00
363,True,226.31,84.87,23.18,540.40,77.26,0.39,1059072,1.0000,-0.00
364,True,226.31,84.87,23.18,540.40,77.26,0.39,1059072,1.0000,-0.00
365,True,226.31,84.87,23.18,540.40,77.26,0.39,1059072,1.0000,0.00
366,True,226.31,84.87,23.18,540.40,77.26,0.39,1059072,1.0000,-0.00
367,True,226.31,84.87,23.18,540.40,77.26,0.39,1059072,1.0000,-0.00
368,True,226.31,84.87,23.18,540.40,77.26,0.39,1059072,1.0000,-0.00
369,True,226.31,84.87,23.18,540.40,77.26,0.39,1059072,1.0000,-0.00
370,True,226.31,84.87,23.18,540.40,77.26,0.39,1059072,1.0000,-0.00
371,True,226.31,84.87,23.18,540.40,77.26,0.39,1059072,1.0000,-0.00
372,True,226.31,84.87,23.18,540.40,77.26,0.39,1059072,1.0000,-0.00
373,True,226.31,84.87,23.18,540.40,77.26,0.39,1059072,1.0000,-0.00
374,True,226.31,84.87,23.18,540.40,77.26,0.39,1059072,1.0000,-0.00
375,True,226.31,84.87,23.18,540.40,77.26,0.39,1059072,1.0000,-0.00
376,True,226.31,84.87,23.18,540.40,77.26,0.39,1059072,1.0000,-0.00
377,True,226.31,84.87,23.18,540.40,77.26,0.39,1059072,1.0000,-0.00
378,True,226.31,84.87,23.18,540.40,77.26,0.39,1059072,1.0000,-0.00
379,True,226.31,84.87,23.18,540.40,77.26,0.39,1059072,1.0000,-0.00
380,True,226.31,84.87,23.18,540.40,77.26,0.39,1059072,1.0000,-0.00
381,True,226.31,84.87,23.18,540.40,77.26,0.39,1059072,1.0000,-0.00
382,True,226.31,84.87,23.18,540.40,77.26,0.39,1059072,1.0000,-0.00
383,True,226.31,84.87,23.18,540.40,77.26,0.39,1059072,1.0000,-0.00
384,True,226.31,84.87,23.18,540.40,77.26,0.39,1059072,1.0000,0.00
385,True,226.31,84.87,23.18,540.40,77.26,0.39,1059072,1.0000,-0.00
386,True,226.31,84.87,23.18,540.40,77.26,0.39,1059072,1.0000,-0.00
387,True,226.31,84.87,23.18,540.40,77.26,0.39,1059072,1.0000,-0.00
388,True,226.31,84.87,23.18,540.40,77.26,0.39,1059072,1.0000,-0.00
389,True,226.31,84.87,23.18,540.40,77.26,0.39,1059072,1.0000,-0.00
390,True,226.31,84.87,23.18,540.40,77.26,0.39,1059072,1.0000,-0.00
391,True,226.31,84.87,23.18,540.40,77.26,0.39,1059072,1.0000,-0.00
392,True,226.31,84.87,23.18,540.40,77.26,0.39,1059072,1.0000,-0.00
393,True,226.31,84.87,23.18,540.40,77.26,0.39,1059072,1.0000,-0.00
394,True,226.31,84.87,23.18,540.40,77.26,0.39,1059072,1.0000,-0.00
395,True,226.31,84.87,23.18,540.40,77.26,0.39,1059072,1.0000,-0.00
396,True,226.31,84.87,23.18,540.40,77.26,0.39,1059072,1.0000,0.00
397,True,226.31,84.87,23.18,540.40,77.26,0.39,1059072,1.0000,-0.00
398,True,226.31,84.87,23.18,540.40,77.26,0.39,1059072,1.0000,-0.00
399,True,226.31,84.87,23.18,540.40,77.26,0.39,1059072,1.0000,-0.00
400,True,226.31,84.87,23.18,540.40,77.26,0.39,1059072,1.0000,-0.00
401,True,226.31,84.87,23.18,540.40,77.26,0.39,1059072,1.0000,-0.00
402,True,226.31,84.87,23.18,540.40,77.26,0.39,1059072,1.0000,-0.00
403,True,226.31,84.87,23.18,540.40,77.26,0.39,1059072,1.0000,-0.00
404,True,226.31,84.87,23.18,540.40,77.26,0.39,1059072,1.0000,0.00
405,True,226.31,84.87,23.18,540.40,77.26,0.39,1059072,1.0000,-0.00
406,True,226.31,84.87,23.18,540.40,77.26,0.39,1059072,1.0000,-0.00
407,True,226.31,84.87,23.18,540.40,77.26,0.39,1059072,1.0000,0.00
408,True,226.31,84.87,23.18,540.40,77.26,0.39,1059072,1.0000,-0.00
409,True,226.31,84.87,23.18,540.40,77.26,0.39,1059072,1.0000,-0.00
410,True,226.31,84.87,23.18,540.40,77.26,0.39,1059072,1.0000,-0.00
411,True,226.31,84.87,23.18,540.40,77.26,0.39,1059072,1.0000,0.00
412,True,226.31,84.87,23.18,540.40,77.26,0.39,1059072,1.0000,-0.00
413,True,226.31,84.87,23.18,540.40,77.26,0.39,1059072,1.0000,-0.00
414,True,226.31,84.87,23.18,540.40,77.26,0.39,1059072,1.0000,-0.00
415,True,226.31,84.87,23.18,540.40,77.26,0.39,1059072,1.0000,-0.00
416,True,226.31,84.87,23.18,540.40,77.26,0.39,1059072,1.0000,-0.00
417,True,226.31,84.87,23.18,540.40,77.26,0.39,1059072,1.0000,-0.00
418,True,226.31,84.87,23.18,540.40,77.26,0.39,1059072,1.0000,-0.00
419,True,226.31,84.87,23.18,540.40,77.26,0.39,1059072,1.0000,-0.00
420,True,226.31,84.87,23.18,540.40,77.26,0.39,1059072,1.0000,-0.00
421,True,226.31,84.87,23.18,540.40,77.26,0.39,1059072,1.0000,-0.00
422,True,226.31,84.87,23.18,540.40,77.26,0.39,1059072,1.0000,-0.00
423,True,226.31,84.87,23.18,540.40,77.26,0.39,1059072,1.0000,-0.00
424,True,226.31,84.87,23.18,540.40,77.26,0.39,1059072,1.0000,-0.00
425,True,226.31,84.87,23.18,540.40,77.26,0.39,1059072,1.0000,-0.00
426,True,226.31,84.87,23.18,540.40,77.26,0.39,1059072,1.0000,-0.00
427,True,226.31,84.87,23.18,540.40,77.26,0.39,1059072,1.0000,0.00
428,True,226.31,84.87,23.18,540.40,77.26,0.39,1059072,1.0000,-0.00
429,True,226.31,84.87,23.18,540.40,77.26,0.39,1059072,1.0000,0.00
430,True,226.31,84.87,23.18,540.40,77.26,0.39,1059072,1.0000,0.00
431,True,226.31,84.87,23.18,540.40,77.26,0.39,1059072,1.0000,-0.00
432,True,226.31,84.87,23.18,540.40,77.26,0.39,1059072,1.0000,-0.00
433,True,226.31,84.87,23.18,540.40,77.26,0.39,1059072,1.0000,-0.00
434,True,226.31,84.87,23.18,540.40,77.26,0.39,1059072,1.0000,-0.00
435,True,226.31,84.87,23.18,540.40,77.26,0.39,1059072,1.0000,-0.00
436,True,226.31,84.87,23.18,540.40,77.26,0.39,1059072,1.0000,-0.00
437,True,226.31,84.87,23.18,540.40,77.26,0.39,1059072,1.0000,-0.00
438,True,226.31,84.87,23.18,540.40,77.26,0.39,1059072,1.0000,-0.00
439,True,226.31,84.87,23.18,540.40,77.26,0.39,1059072,1.0000,-0.00
440,True,226.31,84.87,23.18,540.40,77.26,0.39,1059072,1.0000,-0.00
441,True,226.31,84.87,23.18,540.40,77.26,0.39,1059072,1.0000,0.00
442,True,226.31,84.87,23.18,540.40,77.26,0.39,1059072,1.0000,-0.00
443,True,226.31,84.87,23.18,540.40,77.26,0.39,1059072,1.0000,-0.00
444,True,226.31,84.87,23.18,540.40,77.26,0.39,1059072,1.0000,-0.00
445,True,226.31,84.87,23.18,540.40,77.26,0.39,1059072,1.0000,-0.00
446,True,226.31,84.87,23.18,540.40,77.26,0.39,1059072,1.0000,-0.00
447,True,226.31,84.87,23.18,540.40,77.26,0.39,1059072,1.0000,-0.00
448,True,226.31,84.87,23.18,540.40,77.26,0.39,1059072,1.0000,0.00
449,True,226.31,84.87,23.18,540.40,77.26,0.39,1059072,1.0000,-0.00
450,True,226.31,84.87,23.18,540.40,77.26,0.39,1059072,1.0000,0.00
451,True,226.31,84.87,23.18,540.40,77.26,0.39,1059072,1.0000,0.00
452,True,226.31,84.87,23.18,540.40,77.26,0.39,1059072,1.0000,-0.00
453,True,226.31,84.87,23.18,540.40,77.26,0.39,1059072,1.0000,-0.00
454,True,226.31,84.87,23.18,540.40,77.26,0.39,1059072,1.0000,-0.00
455,True,226.31,84.87,23.18,540.40,77.26,0.39,1059072,1.0000,-0.00
456,True,226.31,84.87,23.18,540.40,77.26,0.39,1059072,1.0000,-0.00
457,True,226.31,84.87,23.18,540.40,77.26,0.39,1059072,1.0000,-0.00
458,True,226.31,84.87,23.18,540.40,77.26,0.39,1059072,1.0000,-0.00
459,True,226.31,84.87,23.18,540.40,77.26,0.39,1059072,1.0000,-0.00
460,True,226.31,84.87,23.18,540.40,77.26,0.39,1059072,1.0000,-0.00
461,True,226.31,84.87,23.18,540.40,77.26,0.39,1059072,1.0000,-0.00
462,True,226.31,84.87,23.18,540.40,77.26,0.39,1059072,1.0000,-0.00
463,True,226.31,84.87,23.18,540.40,77.26,0.39,1059072,1.0000,-0.00
464,True,226.31,84.87,23.18,540.40,77.26,0.39,1059072,1.0000,-0.00
465,True,226.31,84.87,23.18,540.40,77.26,0.39,1059072,1.0000,-0.00
466,True,226.31,84.87,23.18,540.40,77.26,0.39,1059072,1.0000,-0.00
467,True,226.31,84.87,23.18,540.40,77.26,0.39,1059072,1.0000,-0.00
468,True,226.31,84.87,23.18,540.40,77.26,0.39,1059072,1.0000,-0.00
469,True,226.31,84.87,23.18,540.40,77.26,0.39,1059072,1.0000,-0.00
470,True,226.31,84.87,23.18,540.40,77.26,0.39,1059072,1.0000,0.00
471,True,226.31,84.87,23.18,540.40,77.26,0.39,1059072,1.0000,-0.00
472,True,226.31,84.87,23.18,540.40,77.26,0.39,1059072,1.0000,-0.00
473,True,226.31,84.87,23.18,540.40,77.26,0.39,1059072,1.0000,-0.00
474,True,226.31,84.87,23.18,540.40,77.26,0.39,1059072,1.0000,-0.00
475,True,226.31,84.87,23.18,540.40,77.26,0.39,1059072,1.0000,0.00
476,True,226.31,84.87,23.18,540.40,77.26,0.39,1059072,1.0000,-0.00
477,True,226.31,84.87,23.18,540.40,77.26,0.39,1059072,1.0000,-0.00
478,True,226.31,84.87,23.18,540.40,77.26,0.39,1059072,1.0000,-0.00
479,True,226.31,84.87,23.18,540.40,77.26,0.39,1059072,1.0000,-0.00
480,True,226.31,84.87,23.18,540.40,77.26,0.39,1059072,1.0000,0.00
481,True,226.31,84.87,23.18,540.40,77.26,0.39,1059072,1.0000,-0.00
482,True,226.31,84.87,23.18,540.40,77.26,0.39,1059072,1.0000,-0.00
483,True,226.31,84.87,23.18,540.40,77.26,0.39,1059072,1.0000,-0.00
484,True,226.31,84.87,23.18,540.40,77.26,0.39,1059072,1.0000,-0.00
485,True,226.31,84.87,23.18,540.40,77.26,0.39,1059072,1.0000,-0.00
486,True,226.31,84.87,23.18,540.40,77.26,0.39,1059072,1.0000,-0.00
487,True,226.31,84.87,23.18,540.40,77.26,0.39,1059072,1.0000,-0.00
488,True,226.31,84.87,23.18,540.40,77.26,0.39,1059072,1.0000,-0.00
489,True,226.31,84.87,23.18,540.40,77.26,0.39,1059072,1.0000,-0.00
490,True,226.31,84.87,23.18,540.40,77.26,0.39,1059072,1.0000,-0.00
491,True,226.31,84.87,23.18,540.40,77.26,0.39,1059072,1.0000,-0.00
492,True,226.31,84.87,23.18,540.40,77.26,0.39,1059072,1.0000,-0.00
493,True,226.31,84.87,23.18,540.40,77.26,0.39,1059072,1.0000,-0.00
494,True,226.31,84.87,23.18,540.40,77.26,0.39,1059072,1.0000,-0.00
495,True,226.31,84.87,23.18,540.40,77.26,0.39,1059072,1.0000,-0.00
496,True,226.31,84.87,23.18,540.40,77.26,0.39,1059072,1.0000,-0.00
497,True,226.31,84.87,23.18,540.40,77.26,0.39,1059072,1.0000,0.00
498,True,226.31,84.87,23.18,540.40,77.26,0.39,1059072,1.0000,-0.00
499,True,226.31,84.87,23.18,540.40,77.26,0.39,1059072,1.0000,0.00
500,True,226.31,84.87,23.18,540.40,77.26,0.39,1059072,1.0000,-0.00
